id,FoodPriceIndex
99116,113.15260555156198
97687,111.60683960206555
92061,105.84497246781534
95122,109.16141822396037
92296,106.06988632496751
89924,103.84937880401453
90791,104.411663446895
82350,96.20437493453963
97602,111.49438267348945
86011,99.85819147641294
95311,109.27387515253646
86716,100.4204761192934
93915,107.72810920304005
88089,101.96624206878982
83150,96.76665957742009
91010,104.6365773040472
82826,96.5417457202679
83569,97.10403036314835
89945,103.84937880401453
98472,112.169124244946
93024,107.16582456015958
83582,97.10403036314835
85341,98.87471016979697
94657,108.2903938459205
83125,96.76665957742009
91541,105.50760168208706
88392,102.19115592594201
98496,112.169124244946
98474,112.169124244946
84281,98.08751166976433
97431,111.38192574491336
87301,100.87030383359777
95706,109.61124593826474
82660,96.4292887916918
97921,111.71929653064164
88017,101.85378514021374
95487,109.49878900968865
88709,102.4160697830942
84781,98.4248824554926
88065,101.96624206878982
97232,111.26946881633727
98777,112.92769169440979
92715,106.40725711069581
95039,109.16141822396037
90111,103.96183573259063
96650,110.28598750972131
91612,105.62005861066315
96185,109.94861672399303
91436,105.39514475351096
88186,101.96624206878982
86074,99.97064840498903
97456,111.38192574491336
99865,113.71489019444243
91177,105.28268782493487
86682,100.4204761192934
88399,102.19115592594201
97079,111.15701188776117
90970,104.52412037547109
97537,111.49438267348945
83104,96.76665957742009
83342,96.87911650599618
82451,96.20437493453963
86597,100.30801919071732
99402,113.37751940871416
83041,96.65420264884399
93037,107.16582456015958
82530,96.31683186311571
83291,96.87911650599618
96191,109.94861672399303
95241,109.27387515253646
83587,97.10403036314835
92577,106.2948001821197
96917,111.04455495918509
95781,109.61124593826474
91805,105.73251553923924
86250,100.08310533356513
91474,105.50760168208706
94225,107.95302306019224
91654,105.62005861066315
99566,113.48997633729026
96481,110.1735305811452
91125,104.6365773040472
93045,107.16582456015958
99546,113.48997633729026
82312,96.20437493453963
99332,113.26506248013807
98319,112.05666731636992
94541,108.17793691734443
85186,98.76225324122089
97984,111.83175345921774
94635,108.2903938459205
86916,100.5329330478695
86141,99.97064840498903
84545,98.31242552691651
83696,97.10403036314835
91136,104.6365773040472
92572,106.2948001821197
93226,107.27828148873567
83685,97.10403036314835
85031,98.64979631264478
82807,96.5417457202679
86532,100.30801919071732
90412,104.18674958974282
99555,113.48997633729026
82197,96.09191800596352
100355,114.05226098017073
95219,109.27387515253646
91851,105.73251553923924
89271,102.75344056882248
92996,106.51971403927189
100031,113.82734712301854
99351,113.26506248013807
100060,113.82734712301854
86824,100.5329330478695
97007,111.04455495918509
95660,109.61124593826474
88707,102.4160697830942
91446,105.39514475351096
94587,108.2903938459205
92140,105.95742939639143
82141,95.97946107738744
93736,107.61565227446395
96945,111.04455495918509
97946,111.71929653064164
85072,98.64979631264478
99082,113.15260555156198
85706,99.63327761926075
88087,101.96624206878982
96077,109.83615979541693
98266,111.94421038779382
83117,96.76665957742009
85751,99.74573454783685
89509,103.51200801828625
90879,104.52412037547109
84892,98.5373393840687
86885,100.5329330478695
90807,104.411663446895
85764,99.74573454783685
92882,106.51971403927189
89790,103.73692187543844
84081,97.97505474118823
86979,100.64538997644559
93811,107.72810920304005
88269,102.07869899736593
97276,111.26946881633727
81947,95.86700414881133
95720,109.61124593826474
92836,106.40725711069581
96711,110.28598750972131
92726,106.40725711069581
89792,103.73692187543844
91441,105.39514475351096
89150,102.75344056882248
90162,103.96183573259063
96861,110.93209803060898
97162,111.15701188776117
90080,103.96183573259063
99936,113.71489019444243
90576,104.2992065183189
98742,112.92769169440979
90342,104.07429266116672
90389,104.18674958974282
89815,103.73692187543844
83891,97.86259781261214
88327,102.07869899736593
98449,112.169124244946
92580,106.2948001821197
86222,100.08310533356513
87336,100.87030383359777
97015,111.04455495918509
82069,95.97946107738744
85895,99.85819147641294
96052,109.83615979541693
81981,95.86700414881133
83057,96.65420264884399
93056,107.16582456015958
87970,101.85378514021374
89542,103.51200801828625
97146,111.15701188776117
84776,98.4248824554926
86002,99.85819147641294
84210,98.08751166976433
93472,107.50319534588786
93800,107.72810920304005
95086,109.16141822396037
91940,105.84497246781534
97997,111.83175345921774
82111,95.97946107738744
86752,100.4204761192934
83071,96.65420264884399
82040,95.97946107738744
95684,109.61124593826474
94287,108.06547998876832
92371,106.06988632496751
92357,106.06988632496751
83242,96.87911650599618
99022,113.04014862298588
98160,111.94421038779382
98495,112.169124244946
87025,100.64538997644559
97531,111.49438267348945
98467,112.169124244946
92881,106.51971403927189
89949,103.84937880401453
96601,110.28598750972131
93676,107.61565227446395
90700,104.411663446895
95767,109.61124593826474
90125,103.96183573259063
97937,111.71929653064164
92936,106.51971403927189
91176,105.28268782493487
94846,108.40285077449661
98255,111.94421038779382
82379,96.20437493453963
85785,99.74573454783685
95671,109.61124593826474
96920,111.04455495918509
89646,103.62446494686235
97067,111.15701188776117
98557,112.169124244946
90866,104.52412037547109
89632,103.62446494686235
99781,113.60243326586635
86690,100.4204761192934
86932,100.5329330478695
84156,97.97505474118823
93047,107.16582456015958
86205,100.08310533356513
87290,100.87030383359777
95212,109.27387515253646
88922,102.5285267116703
98306,112.05666731636992
93812,107.72810920304005
90971,104.52412037547109
98565,112.169124244946
90435,104.18674958974282
100116,113.82734712301854
98532,112.169124244946
100201,113.93980405159462
82685,96.4292887916918
93669,107.61565227446395
100426,114.05226098017073
83446,96.99157343457227
84546,98.31242552691651
82794,96.5417457202679
96171,109.94861672399303
87992,101.85378514021374
88496,102.19115592594201
92667,106.2948001821197
96387,110.06107365256912
90350,104.07429266116672
97657,111.60683960206555
88966,102.5285267116703
87201,100.7578469050217
90361,104.07429266116672
91661,105.62005861066315
99617,113.48997633729026
96466,110.1735305811452
97692,111.60683960206555
100017,113.82734712301854
84655,98.4248824554926
81865,95.86700414881133
87397,100.87030383359777
97336,111.26946881633727
83220,96.76665957742009
97841,111.71929653064164
89149,102.75344056882248
95672,109.61124593826474
99496,113.37751940871416
82509,96.31683186311571
85752,99.74573454783685
95085,109.16141822396037
83066,96.65420264884399
92797,106.40725711069581
85631,99.63327761926075
89116,102.64098364024639
85140,98.76225324122089
86486,100.19556226214121
97221,111.26946881633727
100066,113.82734712301854
85912,99.85819147641294
98432,112.169124244946
86497,100.30801919071732
89794,103.73692187543844
84621,98.31242552691651
97985,111.83175345921774
85274,98.87471016979697
94867,109.04896129538429
99547,113.48997633729026
97301,111.26946881633727
84989,98.64979631264478
88734,102.4160697830942
92281,106.06988632496751
99341,113.26506248013807
88862,102.5285267116703
92107,105.95742939639143
90660,104.2992065183189
91952,105.84497246781534
94796,108.40285077449661
84985,98.64979631264478
90280,104.07429266116672
84172,98.08751166976433
94386,108.06547998876832
82445,96.20437493453963
86187,100.08310533356513
93296,107.27828148873567
84964,98.64979631264478
82186,96.09191800596352
82241,96.09191800596352
88730,102.4160697830942
94442,108.17793691734443
98627,112.81523476583371
94021,107.84056613161613
92582,106.2948001821197
93645,107.61565227446395
98377,112.05666731636992
85602,99.63327761926075
94884,109.04896129538429
84566,98.31242552691651
94001,107.84056613161613
94729,108.40285077449661
92605,106.2948001821197
81896,95.86700414881133
92496,106.18234325354362
96147,109.94861672399303
89801,103.73692187543844
100046,113.82734712301854
96542,110.1735305811452
99982,113.82734712301854
96371,110.06107365256912
83816,97.75014088403604
87767,101.74132821163764
94730,108.40285077449661
99152,113.15260555156198
93380,107.39073841731177
84517,98.31242552691651
99177,113.15260555156198
87726,101.62887128306156
83880,97.86259781261214
85461,98.98716709837308
99672,113.60243326586635
97227,111.26946881633727
93295,107.27828148873567
86842,100.5329330478695
93025,107.16582456015958
97255,111.26946881633727
98461,112.169124244946
90749,104.411663446895
88550,102.30361285451811
96061,109.83615979541693
99391,113.37751940871416
98780,112.92769169440979
83435,96.99157343457227
98151,111.94421038779382
91797,105.73251553923924
86652,100.4204761192934
91679,105.62005861066315
97472,111.38192574491336
98295,112.05666731636992
94289,108.06547998876832
82199,96.09191800596352
82855,96.5417457202679
100137,113.93980405159462
95621,109.49878900968865
83929,97.86259781261214
100155,113.93980405159462
91647,105.62005861066315
93644,107.61565227446395
89210,102.75344056882248
89936,103.84937880401453
100000,113.82734712301854
98625,112.81523476583371
96455,110.1735305811452
86526,100.30801919071732
94466,108.17793691734443
87146,100.7578469050217
96672,110.28598750972131
86606,100.30801919071732
92177,105.95742939639143
97540,111.49438267348945
88237,102.07869899736593
96836,110.93209803060898
99052,113.15260555156198
97876,111.71929653064164
93760,107.61565227446395
95370,109.38633208111256
86670,100.4204761192934
83616,97.10403036314835
96207,109.94861672399303
96924,111.04455495918509
99119,113.15260555156198
89491,103.51200801828625
93606,107.50319534588786
91751,105.62005861066315
100292,114.05226098017073
86320,100.08310533356513
95832,109.72370286684084
94546,108.17793691734443
92746,106.40725711069581
91964,105.84497246781534
87312,100.87030383359777
95952,109.83615979541693
86636,100.30801919071732
96297,110.06107365256912
98731,112.81523476583371
100204,113.93980405159462
97706,111.60683960206555
88387,102.19115592594201
88751,102.4160697830942
83911,97.86259781261214
99552,113.48997633729026
97292,111.26946881633727
99115,113.15260555156198
83231,96.76665957742009
83464,96.99157343457227
88596,102.30361285451811
88667,102.4160697830942
89132,102.75344056882248
83747,97.75014088403604
82844,96.5417457202679
90007,103.84937880401453
86539,100.30801919071732
93450,107.39073841731177
88395,102.19115592594201
98759,112.92769169440979
96329,110.06107365256912
91524,105.50760168208706
91960,105.84497246781534
87622,101.62887128306156
95775,109.61124593826474
98277,112.05666731636992
85955,99.85819147641294
93539,107.50319534588786
94444,108.17793691734443
94176,107.95302306019224
86836,100.5329330478695
87862,101.74132821163764
84151,97.97505474118823
94391,108.06547998876832
82761,96.4292887916918
92591,106.2948001821197
85585,99.63327761926075
98315,112.05666731636992
86157,99.97064840498903
82651,96.4292887916918
100332,114.05226098017073
91495,105.50760168208706
89637,103.62446494686235
85137,98.76225324122089
88576,102.30361285451811
98981,113.04014862298588
85454,98.98716709837308
82700,96.4292887916918
81986,95.86700414881133
100179,113.93980405159462
94896,109.04896129538429
83415,96.99157343457227
96019,109.83615979541693
86391,100.19556226214121
91059,104.6365773040472
87922,101.85378514021374
91027,104.6365773040472
93572,107.50319534588786
91486,105.50760168208706
95465,109.38633208111256
82995,96.65420264884399
93191,107.27828148873567
98961,113.04014862298588
88311,102.07869899736593
83601,97.10403036314835
95471,109.38633208111256
95001,109.04896129538429
96899,111.04455495918509
95815,109.72370286684084
89985,103.84937880401453
89365,103.39955108971017
98876,112.92769169440979
97879,111.71929653064164
82157,96.09191800596352
88280,102.07869899736593
85286,98.87471016979697
86204,100.08310533356513
86061,99.97064840498903
86409,100.19556226214121
97325,111.26946881633727
96036,109.83615979541693
90040,103.84937880401453
100271,113.93980405159462
93417,107.39073841731177
98622,112.81523476583371
91601,105.50760168208706
96590,110.28598750972131
86062,99.97064840498903
92155,105.95742939639143
82592,96.31683186311571
88767,102.4160697830942
99690,113.60243326586635
92144,105.95742939639143
94967,109.04896129538429
86991,100.64538997644559
95875,109.72370286684084
91590,105.50760168208706
98867,112.92769169440979
83461,96.99157343457227
98712,112.81523476583371
83737,97.75014088403604
97586,111.49438267348945
82496,96.31683186311571
90722,104.411663446895
86535,100.30801919071732
95372,109.38633208111256
91901,105.73251553923924
82974,96.65420264884399
93849,107.72810920304005
92822,106.40725711069581
88441,102.19115592594201
91189,105.28268782493487
89925,103.84937880401453
84427,98.19996859834042
83171,96.76665957742009
89770,103.73692187543844
83309,96.87911650599618
95969,109.83615979541693
89639,103.62446494686235
93536,107.50319534588786
82756,96.4292887916918
84686,98.4248824554926
87777,101.74132821163764
94380,108.06547998876832
93824,107.72810920304005
85091,98.64979631264478
85634,99.63327761926075
92141,105.95742939639143
98771,112.92769169440979
100049,113.82734712301854
88397,102.19115592594201
99856,113.71489019444243
91131,104.6365773040472
97896,111.71929653064164
89257,102.75344056882248
86166,99.97064840498903
89505,103.51200801828625
96556,110.1735305811452
95000,109.04896129538429
97222,111.26946881633727
86874,100.5329330478695
89782,103.73692187543844
96794,110.93209803060898
96484,110.1735305811452
87195,100.7578469050217
89167,102.75344056882248
87134,100.7578469050217
90146,103.96183573259063
96136,109.94861672399303
98726,112.81523476583371
99595,113.48997633729026
85616,99.63327761926075
99869,113.71489019444243
81864,95.86700414881133
84675,98.4248824554926
98997,113.04014862298588
95504,109.49878900968865
95106,109.16141822396037
90097,103.96183573259063
99844,113.71489019444243
95835,109.72370286684084
98499,112.169124244946
81910,95.86700414881133
87934,101.85378514021374
96216,109.94861672399303
100215,113.93980405159462
91650,105.62005861066315
84925,98.5373393840687
87956,101.85378514021374
91291,105.28268782493487
93271,107.27828148873567
87909,101.85378514021374
83774,97.75014088403604
87870,101.74132821163764
82354,96.20437493453963
89626,103.62446494686235
98231,111.94421038779382
83151,96.76665957742009
99797,113.60243326586635
93845,107.72810920304005
92117,105.95742939639143
88696,102.4160697830942
86669,100.4204761192934
85081,98.64979631264478
82187,96.09191800596352
89614,103.62446494686235
88575,102.30361285451811
97121,111.15701188776117
86070,99.97064840498903
89350,103.39955108971017
87571,101.51641435448545
85227,98.76225324122089
93401,107.39073841731177
86777,100.4204761192934
100237,113.93980405159462
89907,103.84937880401453
92986,106.51971403927189
85447,98.98716709837308
87457,101.51641435448545
84666,98.4248824554926
98247,111.94421038779382
86360,100.19556226214121
91492,105.50760168208706
95177,109.27387515253646
86564,100.30801919071732
84822,98.5373393840687
85299,98.87471016979697
86871,100.5329330478695
82516,96.31683186311571
90439,104.18674958974282
83749,97.75014088403604
86236,100.08310533356513
89276,102.75344056882248
86807,100.5329330478695
98312,112.05666731636992
92761,106.40725711069581
83840,97.75014088403604
97945,111.71929653064164
89110,102.64098364024639
99070,113.15260555156198
91557,105.50760168208706
87599,101.62887128306156
96960,111.04455495918509
88341,102.07869899736593
89442,103.51200801828625
90201,103.96183573259063
98571,112.169124244946
97072,111.15701188776117
93954,107.84056613161613
89431,103.39955108971017
98935,113.04014862298588
83129,96.76665957742009
97100,111.15701188776117
82296,96.09191800596352
98510,112.169124244946
97766,111.60683960206555
98307,112.05666731636992
82731,96.4292887916918
88839,102.5285267116703
83032,96.65420264884399
89111,102.64098364024639
94574,108.2903938459205
91957,105.84497246781534
86372,100.19556226214121
93426,107.39073841731177
89836,103.73692187543844
84654,98.4248824554926
98616,112.81523476583371
91785,105.73251553923924
82640,96.4292887916918
99707,113.60243326586635
99236,113.26506248013807
91030,104.6365773040472
84365,98.19996859834042
95302,109.27387515253646
97861,111.71929653064164
87339,100.87030383359777
97646,111.49438267348945
93752,107.61565227446395
90402,104.18674958974282
90032,103.84937880401453
96827,110.93209803060898
96174,109.94861672399303
91165,105.28268782493487
84607,98.31242552691651
99346,113.26506248013807
91302,105.39514475351096
95395,109.38633208111256
87536,101.51641435448545
89830,103.73692187543844
83497,96.99157343457227
82341,96.20437493453963
82576,96.31683186311571
96001,109.83615979541693
91187,105.28268782493487
87427,101.51641435448545
89317,103.39955108971017
91457,105.50760168208706
92626,106.2948001821197
82066,95.97946107738744
83862,97.86259781261214
95051,109.16141822396037
88231,102.07869899736593
95057,109.16141822396037
90712,104.411663446895
95846,109.72370286684084
84827,98.5373393840687
81911,95.86700414881133
96302,110.06107365256912
99661,113.48997633729026
93510,107.50319534588786
84327,98.19996859834042
92272,106.06988632496751
86825,100.5329330478695
82412,96.20437493453963
83904,97.86259781261214
87381,100.87030383359777
90867,104.52412037547109
88435,102.19115592594201
96401,110.06107365256912
88860,102.5285267116703
91056,104.6365773040472
87976,101.85378514021374
96811,110.93209803060898
88302,102.07869899736593
92250,106.06988632496751
91986,105.84497246781534
93907,107.72810920304005
93507,107.50319534588786
95062,109.16141822396037
83351,96.87911650599618
83686,97.10403036314835
97951,111.71929653064164
96280,110.06107365256912
98654,112.81523476583371
83414,96.99157343457227
95350,109.38633208111256
93937,107.84056613161613
86870,100.5329330478695
90195,103.96183573259063
88621,102.30361285451811
92559,106.2948001821197
98140,111.94421038779382
88491,102.19115592594201
89216,102.75344056882248
97054,111.15701188776117
92316,106.06988632496751
85605,99.63327761926075
84947,98.64979631264478
90511,104.18674958974282
93882,107.72810920304005
87261,100.7578469050217
87226,100.7578469050217
88885,102.5285267116703
88822,102.5285267116703
99756,113.60243326586635
86786,100.4204761192934
82467,96.31683186311571
88530,102.30361285451811
90051,103.84937880401453
99772,113.60243326586635
86561,100.30801919071732
97502,111.49438267348945
95396,109.38633208111256
98344,112.05666731636992
84405,98.19996859834042
84376,98.19996859834042
93667,107.61565227446395
99185,113.15260555156198
86382,100.19556226214121
91962,105.84497246781534
99245,113.26506248013807
95207,109.27387515253646
92620,106.2948001821197
83846,97.75014088403604
88851,102.5285267116703
98261,111.94421038779382
87405,100.87030383359777
91746,105.62005861066315
83531,96.99157343457227
86719,100.4204761192934
92521,106.18234325354362
94934,109.04896129538429
91690,105.62005861066315
94277,108.06547998876832
95742,109.61124593826474
95432,109.38633208111256
100425,114.05226098017073
82840,96.5417457202679
82910,96.5417457202679
93287,107.27828148873567
91351,105.39514475351096
82456,96.20437493453963
97641,111.49438267348945
90591,104.2992065183189
99862,113.71489019444243
82861,96.5417457202679
84771,98.4248824554926
96326,110.06107365256912
94930,109.04896129538429
93042,107.16582456015958
86229,100.08310533356513
84150,97.97505474118823
95381,109.38633208111256
98875,112.92769169440979
96767,110.93209803060898
98760,112.92769169440979
82375,96.20437493453963
91337,105.39514475351096
89741,103.62446494686235
86067,99.97064840498903
93151,107.16582456015958
83897,97.86259781261214
94402,108.17793691734443
96170,109.94861672399303
99207,113.26506248013807
91499,105.50760168208706
95620,109.49878900968865
86761,100.4204761192934
94712,108.40285077449661
94486,108.17793691734443
97912,111.71929653064164
95161,109.16141822396037
88731,102.4160697830942
96304,110.06107365256912
85382,98.87471016979697
99400,113.37751940871416
84212,98.08751166976433
95631,109.49878900968865
99256,113.26506248013807
99237,113.26506248013807
87272,100.87030383359777
99191,113.15260555156198
82195,96.09191800596352
87645,101.62887128306156
84667,98.4248824554926
86010,99.85819147641294
95751,109.61124593826474
82192,96.09191800596352
87779,101.74132821163764
97385,111.38192574491336
90711,104.411663446895
88202,102.07869899736593
93690,107.61565227446395
91582,105.50760168208706
99440,113.37751940871416
100359,114.05226098017073
83127,96.76665957742009
91796,105.73251553923924
87716,101.62887128306156
91126,104.6365773040472
94557,108.2903938459205
95240,109.27387515253646
99845,113.71489019444243
87941,101.85378514021374
87095,100.64538997644559
94076,107.84056613161613
93246,107.27828148873567
99961,113.71489019444243
98256,111.94421038779382
98470,112.169124244946
93866,107.72810920304005
99701,113.60243326586635
98162,111.94421038779382
90562,104.2992065183189
85739,99.74573454783685
87157,100.7578469050217
88886,102.5285267116703
87445,101.51641435448545
94779,108.40285077449661
87181,100.7578469050217
98340,112.05666731636992
96602,110.28598750972131
83879,97.86259781261214
89861,103.73692187543844
89991,103.84937880401453
87302,100.87030383359777
88266,102.07869899736593
88114,101.96624206878982
88977,102.64098364024639
98411,112.05666731636992
84582,98.31242552691651
83065,96.65420264884399
82664,96.4292887916918
86694,100.4204761192934
100020,113.82734712301854
96912,111.04455495918509
91009,104.6365773040472
94311,108.06547998876832
93357,107.39073841731177
89706,103.62446494686235
93359,107.39073841731177
87871,101.74132821163764
85861,99.74573454783685
84677,98.4248824554926
99291,113.26506248013807
86849,100.5329330478695
86405,100.19556226214121
94775,108.40285077449661
96149,109.94861672399303
95156,109.16141822396037
87040,100.64538997644559
97852,111.71929653064164
93347,107.39073841731177
99517,113.48997633729026
93860,107.72810920304005
96156,109.94861672399303
90472,104.18674958974282
83971,97.86259781261214
87511,101.51641435448545
100376,114.05226098017073
83506,96.99157343457227
88561,102.30361285451811
96325,110.06107365256912
81889,95.86700414881133
81914,95.86700414881133
94821,108.40285077449661
84256,98.08751166976433
85789,99.74573454783685
92332,106.06988632496751
84926,98.5373393840687
97137,111.15701188776117
82437,96.20437493453963
97569,111.49438267348945
85441,98.98716709837308
85047,98.64979631264478
91596,105.50760168208706
96681,110.28598750972131
99397,113.37751940871416
100334,114.05226098017073
94992,109.04896129538429
92991,106.51971403927189
98926,113.04014862298588
87350,100.87030383359777
84466,98.19996859834042
97425,111.38192574491336
95040,109.16141822396037
89752,103.73692187543844
89567,103.51200801828625
99247,113.26506248013807
82019,95.97946107738744
95011,109.04896129538429
90187,103.96183573259063
83987,97.86259781261214
88554,102.30361285451811
97699,111.60683960206555
86331,100.08310533356513
92161,105.95742939639143
98897,113.04014862298588
82127,95.97946107738744
85086,98.64979631264478
97026,111.04455495918509
84201,98.08751166976433
100011,113.82734712301854
94511,108.17793691734443
94264,108.06547998876832
98820,112.92769169440979
92022,105.84497246781534
100401,114.05226098017073
92930,106.51971403927189
98016,111.83175345921774
84411,98.19996859834042
96279,110.06107365256912
94285,108.06547998876832
98030,111.83175345921774
98927,113.04014862298588
83439,96.99157343457227
94469,108.17793691734443
87490,101.51641435448545
92112,105.95742939639143
96852,110.93209803060898
84142,97.97505474118823
95930,109.72370286684084
100310,114.05226098017073
94752,108.40285077449661
84250,98.08751166976433
83381,96.87911650599618
82819,96.5417457202679
91366,105.39514475351096
92915,106.51971403927189
93007,107.16582456015958
95399,109.38633208111256
96447,110.1735305811452
85760,99.74573454783685
82911,96.5417457202679
88906,102.5285267116703
84297,98.08751166976433
87062,100.64538997644559
91475,105.50760168208706
86475,100.19556226214121
94420,108.17793691734443
85941,99.85819147641294
83187,96.76665957742009
92739,106.40725711069581
99581,113.48997633729026
84084,97.97505474118823
90284,104.07429266116672
85676,99.63327761926075
95476,109.38633208111256
89316,103.39955108971017
83212,96.76665957742009
88994,102.64098364024639
85180,98.76225324122089
93461,107.39073841731177
100270,113.93980405159462
90921,104.52412037547109
94527,108.17793691734443
83707,97.75014088403604
92056,105.84497246781534
91427,105.39514475351096
84035,97.97505474118823
87881,101.74132821163764
92609,106.2948001821197
87649,101.62887128306156
98772,112.92769169440979
89576,103.51200801828625
100126,113.82734712301854
84057,97.97505474118823
83154,96.76665957742009
85287,98.87471016979697
88529,102.30361285451811
85335,98.87471016979697
99069,113.15260555156198
99161,113.15260555156198
91675,105.62005861066315
91164,105.28268782493487
83272,96.87911650599618
85475,98.98716709837308
90666,104.2992065183189
90351,104.07429266116672
90126,103.96183573259063
94951,109.04896129538429
98186,111.94421038779382
83010,96.65420264884399
100262,113.93980405159462
93384,107.39073841731177
92737,106.40725711069581
99186,113.15260555156198
90421,104.18674958974282
85961,99.85819147641294
90104,103.96183573259063
95516,109.49878900968865
89121,102.64098364024639
88697,102.4160697830942
91041,104.6365773040472
84066,97.97505474118823
87166,100.7578469050217
94586,108.2903938459205
86110,99.97064840498903
85391,98.87471016979697
96900,111.04455495918509
84917,98.5373393840687
99274,113.26506248013807
95565,109.49878900968865
92831,106.40725711069581
99735,113.60243326586635
94296,108.06547998876832
89387,103.39955108971017
92387,106.18234325354362
95286,109.27387515253646
94201,107.95302306019224
96232,109.94861672399303
93200,107.27828148873567
86095,99.97064840498903
92887,106.51971403927189
87307,100.87030383359777
95837,109.72370286684084
90815,104.411663446895
92425,106.18234325354362
93395,107.39073841731177
100121,113.82734712301854
85877,99.85819147641294
90246,104.07429266116672
92365,106.06988632496751
87837,101.74132821163764
83375,96.87911650599618
95677,109.61124593826474
91369,105.39514475351096
89852,103.73692187543844
90901,104.52412037547109
97077,111.15701188776117
95226,109.27387515253646
100166,113.93980405159462
96635,110.28598750972131
92916,106.51971403927189
85701,99.63327761926075
94837,108.40285077449661
100392,114.05226098017073
96756,110.93209803060898
97830,111.71929653064164
84161,97.97505474118823
89426,103.39955108971017
88026,101.85378514021374
88512,102.30361285451811
87155,100.7578469050217
90252,104.07429266116672
87106,100.64538997644559
95776,109.61124593826474
98002,111.83175345921774
93451,107.39073841731177
99656,113.48997633729026
98605,112.81523476583371
84520,98.31242552691651
92542,106.2948001821197
85986,99.85819147641294
82282,96.09191800596352
82949,96.65420264884399
94217,107.95302306019224
89161,102.75344056882248
83771,97.75014088403604
96612,110.28598750972131
89006,102.64098364024639
88424,102.19115592594201
92119,105.95742939639143
88864,102.5285267116703
97259,111.26946881633727
92299,106.06988632496751
97256,111.26946881633727
90627,104.2992065183189
92526,106.18234325354362
100221,113.93980405159462
84524,98.31242552691651
98034,111.83175345921774
95052,109.16141822396037
89581,103.51200801828625
98164,111.94421038779382
87000,100.64538997644559
89086,102.64098364024639
86715,100.4204761192934
90414,104.18674958974282
98100,111.83175345921774
84616,98.31242552691651
99867,113.71489019444243
82755,96.4292887916918
99580,113.48997633729026
88220,102.07869899736593
88082,101.96624206878982
83087,96.76665957742009
89412,103.39955108971017
88857,102.5285267116703
97414,111.38192574491336
99642,113.48997633729026
95906,109.72370286684084
92732,106.40725711069581
99712,113.60243326586635
92919,106.51971403927189
84126,97.97505474118823
88956,102.5285267116703
85119,98.76225324122089
97720,111.60683960206555
92952,106.51971403927189
87335,100.87030383359777
83481,96.99157343457227
91737,105.62005861066315
89506,103.51200801828625
84626,98.31242552691651
97389,111.38192574491336
93694,107.61565227446395
91344,105.39514475351096
96572,110.28598750972131
90497,104.18674958974282
87775,101.74132821163764
88871,102.5285267116703
92830,106.40725711069581
99736,113.60243326586635
87372,100.87030383359777
93831,107.72810920304005
93711,107.61565227446395
84637,98.4248824554926
96866,110.93209803060898
92606,106.2948001821197
85906,99.85819147641294
93972,107.84056613161613
87184,100.7578469050217
89162,102.75344056882248
91402,105.39514475351096
94070,107.84056613161613
93141,107.16582456015958
82037,95.97946107738744
83892,97.86259781261214
82002,95.97946107738744
94156,107.95302306019224
82652,96.4292887916918
86980,100.64538997644559
99811,113.60243326586635
89055,102.64098364024639
94595,108.2903938459205
86072,99.97064840498903
84511,98.31242552691651
98067,111.83175345921774
91745,105.62005861066315
90505,104.18674958974282
85556,98.98716709837308
96931,111.04455495918509
90652,104.2992065183189
92727,106.40725711069581
81980,95.86700414881133
85235,98.76225324122089
93074,107.16582456015958
87310,100.87030383359777
97480,111.38192574491336
91032,104.6365773040472
98687,112.81523476583371
88001,101.85378514021374
91591,105.50760168208706
82330,96.20437493453963
99857,113.71489019444243
82886,96.5417457202679
99130,113.15260555156198
85917,99.85819147641294
94597,108.2903938459205
89661,103.62446494686235
83259,96.87911650599618
95466,109.38633208111256
93162,107.27828148873567
93456,107.39073841731177
92416,106.18234325354362
89769,103.73692187543844
99081,113.15260555156198
88612,102.30361285451811
95217,109.27387515253646
97270,111.26946881633727
84190,98.08751166976433
89877,103.73692187543844
87046,100.64538997644559
82446,96.20437493453963
94905,109.04896129538429
89956,103.84937880401453
95374,109.38633208111256
97171,111.15701188776117
85926,99.85819147641294
92404,106.18234325354362
93140,107.16582456015958
92531,106.18234325354362
90782,104.411663446895
82020,95.97946107738744
94155,107.95302306019224
95826,109.72370286684084
97580,111.49438267348945
88191,101.96624206878982
97241,111.26946881633727
96096,109.83615979541693
97101,111.15701188776117
99307,113.26506248013807
94347,108.06547998876832
96776,110.93209803060898
96142,109.94861672399303
91652,105.62005861066315
83594,97.10403036314835
87180,100.7578469050217
100024,113.82734712301854
99927,113.71489019444243
83902,97.86259781261214
87617,101.62887128306156
99714,113.60243326586635
95612,109.49878900968865
98101,111.83175345921774
87691,101.62887128306156
84859,98.5373393840687
87289,100.87030383359777
97551,111.49438267348945
89660,103.62446494686235
86096,99.97064840498903
85944,99.85819147641294
94621,108.2903938459205
86962,100.64538997644559
84080,97.97505474118823
92055,105.84497246781534
83996,97.86259781261214
90102,103.96183573259063
97364,111.38192574491336
81991,95.86700414881133
92454,106.18234325354362
83367,96.87911650599618
88031,101.85378514021374
82135,95.97946107738744
85847,99.74573454783685
89520,103.51200801828625
95709,109.61124593826474
100200,113.93980405159462
93846,107.72810920304005
92961,106.51971403927189
88036,101.85378514021374
90746,104.411663446895
99710,113.60243326586635
87469,101.51641435448545
82044,95.97946107738744
90904,104.52412037547109
93146,107.16582456015958
83282,96.87911650599618
89472,103.51200801828625
81877,95.86700414881133
87755,101.74132821163764
82606,96.31683186311571
98651,112.81523476583371
98587,112.81523476583371
97234,111.26946881633727
90372,104.18674958974282
96145,109.94861672399303
89819,103.73692187543844
82065,95.97946107738744
82689,96.4292887916918
99030,113.04014862298588
85275,98.87471016979697
92869,106.51971403927189
96550,110.1735305811452
92427,106.18234325354362
91185,105.28268782493487
86622,100.30801919071732
89077,102.64098364024639
97209,111.26946881633727
97055,111.15701188776117
89480,103.51200801828625
92560,106.2948001821197
91939,105.84497246781534
87600,101.62887128306156
87876,101.74132821163764
93225,107.27828148873567
100154,113.93980405159462
86546,100.30801919071732
98410,112.05666731636992
98566,112.169124244946
97801,111.60683960206555
99136,113.15260555156198
98294,112.05666731636992
92094,105.95742939639143
91435,105.39514475351096
82361,96.20437493453963
93335,107.39073841731177
100172,113.93980405159462
84809,98.5373393840687
84221,98.08751166976433
82950,96.65420264884399
83946,97.86259781261214
90390,104.18674958974282
87815,101.74132821163764
97210,111.26946881633727
94247,108.06547998876832
82390,96.20437493453963
90235,104.07429266116672
90140,103.96183573259063
88542,102.30361285451811
90544,104.2992065183189
99285,113.26506248013807
85236,98.76225324122089
86116,99.97064840498903
99101,113.15260555156198
85452,98.98716709837308
98111,111.83175345921774
84357,98.19996859834042
95332,109.38633208111256
90661,104.2992065183189
95981,109.83615979541693
84189,98.08751166976433
91386,105.39514475351096
85940,99.85819147641294
97565,111.49438267348945
97854,111.71929653064164
83076,96.65420264884399
91214,105.28268782493487
87707,101.62887128306156
99094,113.15260555156198
84047,97.97505474118823
84834,98.5373393840687
92584,106.2948001821197
99559,113.48997633729026
85667,99.63327761926075
94856,108.40285077449661
95814,109.72370286684084
85919,99.85819147641294
94231,107.95302306019224
87955,101.85378514021374
97611,111.49438267348945
87930,101.85378514021374
99404,113.37751940871416
96882,111.04455495918509
99087,113.15260555156198
83427,96.99157343457227
95936,109.72370286684084
85762,99.74573454783685
93204,107.27828148873567
87314,100.87030383359777
90410,104.18674958974282
82531,96.31683186311571
84701,98.4248824554926
93597,107.50319534588786
97481,111.38192574491336
84672,98.4248824554926
91900,105.73251553923924
99316,113.26506248013807
92870,106.51971403927189
98851,112.92769169440979
89477,103.51200801828625
84746,98.4248824554926
88490,102.19115592594201
91831,105.73251553923924
83437,96.99157343457227
82291,96.09191800596352
93180,107.27828148873567
94897,109.04896129538429
83376,96.87911650599618
98576,112.169124244946
95680,109.61124593826474
84235,98.08751166976433
82080,95.97946107738744
98937,113.04014862298588
91721,105.62005861066315
92216,105.95742939639143
93611,107.50319534588786
96757,110.93209803060898
98005,111.83175345921774
98720,112.81523476583371
88579,102.30361285451811
85597,99.63327761926075
92775,106.40725711069581
89371,103.39955108971017
83940,97.86259781261214
89287,103.39955108971017
97066,111.15701188776117
88375,102.19115592594201
86476,100.19556226214121
89044,102.64098364024639
94480,108.17793691734443
84737,98.4248824554926
94004,107.84056613161613
92006,105.84497246781534
82706,96.4292887916918
94431,108.17793691734443
91286,105.28268782493487
99911,113.71489019444243
93521,107.50319534588786
98361,112.05666731636992
83926,97.86259781261214
84821,98.5373393840687
82352,96.20437493453963
99651,113.48997633729026
92760,106.40725711069581
84522,98.31242552691651
94641,108.2903938459205
88955,102.5285267116703
86687,100.4204761192934
95554,109.49878900968865
84832,98.5373393840687
85692,99.63327761926075
88651,102.30361285451811
88685,102.4160697830942
90594,104.2992065183189
87566,101.51641435448545
86050,99.97064840498903
96526,110.1735305811452
93036,107.16582456015958
94071,107.84056613161613
82806,96.5417457202679
86467,100.19556226214121
83677,97.10403036314835
87927,101.85378514021374
98784,112.92769169440979
86701,100.4204761192934
82545,96.31683186311571
89196,102.75344056882248
91985,105.84497246781534
86641,100.30801919071732
99411,113.37751940871416
84531,98.31242552691651
83851,97.75014088403604
92465,106.18234325354362
85011,98.64979631264478
95206,109.27387515253646
90937,104.52412037547109
98915,113.04014862298588
88076,101.96624206878982
98157,111.94421038779382
87096,100.64538997644559
85412,98.98716709837308
98975,113.04014862298588
91876,105.73251553923924
92901,106.51971403927189
86081,99.97064840498903
88840,102.5285267116703
87846,101.74132821163764
98092,111.83175345921774
89482,103.51200801828625
93306,107.27828148873567
94599,108.2903938459205
96744,110.93209803060898
82662,96.4292887916918
87071,100.64538997644559
90545,104.2992065183189
95321,109.27387515253646
94606,108.2903938459205
99092,113.15260555156198
95060,109.16141822396037
90100,103.96183573259063
94666,108.2903938459205
90092,103.96183573259063
85645,99.63327761926075
95941,109.72370286684084
92262,106.06988632496751
86251,100.08310533356513
88457,102.19115592594201
97230,111.26946881633727
85546,98.98716709837308
85401,98.87471016979697
83397,96.99157343457227
91319,105.39514475351096
89170,102.75344056882248
95864,109.72370286684084
81885,95.86700414881133
84311,98.08751166976433
95990,109.83615979541693
90506,104.18674958974282
90557,104.2992065183189
87737,101.74132821163764
89484,103.51200801828625
97181,111.15701188776117
94845,108.40285077449661
90041,103.84937880401453
82484,96.31683186311571
94081,107.84056613161613
100022,113.82734712301854
91911,105.73251553923924
98200,111.94421038779382
92651,106.2948001821197
95797,109.72370286684084
86296,100.08310533356513
84830,98.5373393840687
92126,105.95742939639143
89325,103.39955108971017
84207,98.08751166976433
96911,111.04455495918509
82902,96.5417457202679
82996,96.65420264884399
87117,100.7578469050217
83305,96.87911650599618
92000,105.84497246781534
83306,96.87911650599618
85855,99.74573454783685
84316,98.08751166976433
100281,113.93980405159462
92232,106.06988632496751
94381,108.06547998876832
86171,99.97064840498903
89351,103.39955108971017
94535,108.17793691734443
92735,106.40725711069581
81847,95.86700414881133
93490,107.50319534588786
83785,97.75014088403604
83770,97.75014088403604
95551,109.49878900968865
89329,103.39955108971017
91951,105.84497246781534
85297,98.87471016979697
97491,111.38192574491336
88800,102.4160697830942
84987,98.64979631264478
83619,97.10403036314835
86451,100.19556226214121
98076,111.83175345921774
92675,106.2948001821197
91845,105.73251553923924
91497,105.50760168208706
98516,112.169124244946
83386,96.87911650599618
92066,105.84497246781534
83925,97.86259781261214
90731,104.411663446895
92295,106.06988632496751
86165,99.97064840498903
94701,108.2903938459205
97697,111.60683960206555
98636,112.81523476583371
92047,105.84497246781534
82657,96.4292887916918
83016,96.65420264884399
86560,100.30801919071732
97021,111.04455495918509
98665,112.81523476583371
91756,105.62005861066315
94170,107.95302306019224
82747,96.4292887916918
86032,99.97064840498903
88889,102.5285267116703
88852,102.5285267116703
88125,101.96624206878982
96762,110.93209803060898
89575,103.51200801828625
98629,112.81523476583371
85442,98.98716709837308
88501,102.19115592594201
97790,111.60683960206555
87135,100.7578469050217
86342,100.19556226214121
87456,101.51641435448545
98806,112.92769169440979
96030,109.83615979541693
92977,106.51971403927189
94282,108.06547998876832
92781,106.40725711069581
94747,108.40285077449661
100322,114.05226098017073
94122,107.95302306019224
89181,102.75344056882248
92341,106.06988632496751
98222,111.94421038779382
93556,107.50319534588786
99750,113.60243326586635
83277,96.87911650599618
88244,102.07869899736593
90129,103.96183573259063
82999,96.65420264884399
85450,98.98716709837308
86287,100.08310533356513
99340,113.26506248013807
84202,98.08751166976433
99876,113.71489019444243
88242,102.07869899736593
85102,98.76225324122089
91506,105.50760168208706
82174,96.09191800596352
83592,97.10403036314835
82507,96.31683186311571
94696,108.2903938459205
88646,102.30361285451811
88931,102.5285267116703
95786,109.61124593826474
92890,106.51971403927189
82347,96.20437493453963
89460,103.51200801828625
85607,99.63327761926075
100091,113.82734712301854
97829,111.71929653064164
84792,98.5373393840687
85479,98.98716709837308
82877,96.5417457202679
95529,109.49878900968865
96949,111.04455495918509
90976,104.52412037547109
97741,111.60683960206555
89232,102.75344056882248
89305,103.39955108971017
98914,113.04014862298588
96805,110.93209803060898
95006,109.04896129538429
82502,96.31683186311571
99501,113.37751940871416
95457,109.38633208111256
86016,99.85819147641294
92450,106.18234325354362
91332,105.39514475351096
92985,106.51971403927189
84046,97.97505474118823
98782,112.92769169440979
89421,103.39955108971017
84367,98.19996859834042
84770,98.4248824554926
97791,111.60683960206555
85496,98.98716709837308
99090,113.15260555156198
87026,100.64538997644559
93771,107.61565227446395
93550,107.50319534588786
97519,111.49438267348945
97635,111.49438267348945
93240,107.27828148873567
93489,107.50319534588786
90046,103.84937880401453
83570,97.10403036314835
93799,107.72810920304005
89526,103.51200801828625
89015,102.64098364024639
96015,109.83615979541693
82722,96.4292887916918
88776,102.4160697830942
96745,110.93209803060898
87921,101.85378514021374
97735,111.60683960206555
83791,97.75014088403604
91092,104.6365773040472
85165,98.76225324122089
84704,98.4248824554926
92366,106.06988632496751
93197,107.27828148873567
97850,111.71929653064164
94536,108.17793691734443
96459,110.1735305811452
84452,98.19996859834042
84855,98.5373393840687
92892,106.51971403927189
91520,105.50760168208706
98932,113.04014862298588
88801,102.4160697830942
94754,108.40285077449661
84976,98.64979631264478
98842,112.92769169440979
91281,105.28268782493487
85366,98.87471016979697
89675,103.62446494686235
92115,105.95742939639143
86527,100.30801919071732
97967,111.83175345921774
97387,111.38192574491336
84500,98.31242552691651
91784,105.73251553923924
95361,109.38633208111256
89195,102.75344056882248
100417,114.05226098017073
85025,98.64979631264478
97170,111.15701188776117
100175,113.93980405159462
87242,100.7578469050217
93616,107.50319534588786
98355,112.05666731636992
94682,108.2903938459205
91487,105.50760168208706
99462,113.37751940871416
99894,113.71489019444243
82257,96.09191800596352
91196,105.28268782493487
88219,102.07869899736593
93355,107.39073841731177
86692,100.4204761192934
89007,102.64098364024639
94812,108.40285077449661
87646,101.62887128306156
86575,100.30801919071732
85014,98.64979631264478
89354,103.39955108971017
95155,109.16141822396037
92642,106.2948001821197
85915,99.85819147641294
83165,96.76665957742009
90636,104.2992065183189
99379,113.37751940871416
96292,110.06107365256912
84977,98.64979631264478
92210,105.95742939639143
83636,97.10403036314835
98617,112.81523476583371
99626,113.48997633729026
84721,98.4248824554926
99816,113.60243326586635
96607,110.28598750972131
97566,111.49438267348945
99429,113.37751940871416
88684,102.4160697830942
95691,109.61124593826474
99380,113.37751940871416
85512,98.98716709837308
99036,113.04014862298588
86406,100.19556226214121
83630,97.10403036314835
91809,105.73251553923924
94451,108.17793691734443
87087,100.64538997644559
82175,96.09191800596352
96346,110.06107365256912
90766,104.411663446895
96137,109.94861672399303
94776,108.40285077449661
87721,101.62887128306156
83196,96.76665957742009
90855,104.52412037547109
95682,109.61124593826474
93977,107.84056613161613
89396,103.39955108971017
98939,113.04014862298588
91076,104.6365773040472
85490,98.98716709837308
87251,100.7578469050217
86992,100.64538997644559
90206,103.96183573259063
89816,103.73692187543844
95147,109.16141822396037
93691,107.61565227446395
98450,112.169124244946
84996,98.64979631264478
97675,111.60683960206555
93049,107.16582456015958
82396,96.20437493453963
96790,110.93209803060898
88702,102.4160697830942
85907,99.85819147641294
83280,96.87911650599618
95195,109.27387515253646
100045,113.82734712301854
83552,97.10403036314835
82795,96.5417457202679
90565,104.2992065183189
89061,102.64098364024639
97086,111.15701188776117
85169,98.76225324122089
92686,106.2948001821197
82841,96.5417457202679
88357,102.19115592594201
97192,111.26946881633727
90401,104.18674958974282
83807,97.75014088403604
95659,109.61124593826474
84006,97.86259781261214
97520,111.49438267348945
85211,98.76225324122089
83841,97.75014088403604
97016,111.04455495918509
91365,105.39514475351096
82051,95.97946107738744
94575,108.2903938459205
84591,98.31242552691651
93891,107.72810920304005
93202,107.27828148873567
88346,102.07869899736593
95860,109.72370286684084
90516,104.18674958974282
84841,98.5373393840687
83221,96.76665957742009
92451,106.18234325354362
87462,101.51641435448545
82921,96.5417457202679
94331,108.06547998876832
96517,110.1735305811452
96434,110.1735305811452
97382,111.38192574491336
84482,98.31242552691651
100177,113.93980405159462
92077,105.95742939639143
90821,104.411663446895
97347,111.38192574491336
84055,97.97505474118823
94761,108.40285077449661
83260,96.87911650599618
99805,113.60243326586635
84549,98.31242552691651
84560,98.31242552691651
89040,102.64098364024639
95064,109.16141822396037
100321,114.05226098017073
84936,98.5373393840687
87159,100.7578469050217
90255,104.07429266116672
84344,98.19996859834042
98402,112.05666731636992
96406,110.06107365256912
88131,101.96624206878982
90257,104.07429266116672
86271,100.08310533356513
93727,107.61565227446395
91272,105.28268782493487
82962,96.65420264884399
85521,98.98716709837308
92211,105.95742939639143
85132,98.76225324122089
89896,103.73692187543844
98946,113.04014862298588
91802,105.73251553923924
99242,113.26506248013807
88232,102.07869899736593
85080,98.64979631264478
94790,108.40285077449661
83962,97.86259781261214
84982,98.64979631264478
90295,104.07429266116672
83661,97.10403036314835
92697,106.40725711069581
90016,103.84937880401453
94419,108.17793691734443
88096,101.96624206878982
90317,104.07429266116672
94062,107.84056613161613
93107,107.16582456015958
93955,107.84056613161613
82235,96.09191800596352
86785,100.4204761192934
85306,98.87471016979697
89327,103.39955108971017
97636,111.49438267348945
95626,109.49878900968865
82206,96.09191800596352
89970,103.84937880401453
97317,111.26946881633727
84394,98.19996859834042
98106,111.83175345921774
97875,111.71929653064164
91320,105.39514475351096
82967,96.65420264884399
86377,100.19556226214121
82961,96.65420264884399
85596,99.63327761926075
94916,109.04896129538429
93822,107.72810920304005
88147,101.96624206878982
91712,105.62005861066315
98481,112.169124244946
82686,96.4292887916918
86736,100.4204761192934
95367,109.38633208111256
84034,97.97505474118823
95931,109.72370286684084
86420,100.19556226214121
89019,102.64098364024639
89041,102.64098364024639
98791,112.92769169440979
93535,107.50319534588786
93334,107.39073841731177
92676,106.2948001821197
84700,98.4248824554926
81972,95.86700414881133
82567,96.31683186311571
85292,98.87471016979697
90816,104.411663446895
90234,104.07429266116672
83615,97.10403036314835
92764,106.40725711069581
89102,102.64098364024639
93211,107.27828148873567
90326,104.07429266116672
90854,104.52412037547109
83536,96.99157343457227
88181,101.96624206878982
86216,100.08310533356513
86845,100.5329330478695
98805,112.92769169440979
94015,107.84056613161613
85894,99.85819147641294
95705,109.61124593826474
87552,101.51641435448545
86227,100.08310533356513
82600,96.31683186311571
98386,112.05666731636992
98031,111.83175345921774
94121,107.95302306019224
84499,98.31242552691651
97176,111.15701188776117
90217,104.07429266116672
86021,99.85819147641294
91117,104.6365773040472
88025,101.85378514021374
85651,99.63327761926075
94690,108.2903938459205
93627,107.61565227446395
95987,109.83615979541693
94945,109.04896129538429
90724,104.411663446895
94976,109.04896129538429
93967,107.84056613161613
87011,100.64538997644559
88156,101.96624206878982
82032,95.97946107738744
95441,109.38633208111256
91211,105.28268782493487
97037,111.15701188776117
82639,96.4292887916918
88251,102.07869899736593
83756,97.75014088403604
86217,100.08310533356513
82485,96.31683186311571
98185,111.94421038779382
86630,100.30801919071732
99425,113.37751940871416
86321,100.08310533356513
87029,100.64538997644559
97326,111.26946881633727
88172,101.96624206878982
83122,96.76665957742009
95416,109.38633208111256
94226,107.95302306019224
88806,102.4160697830942
93070,107.16582456015958
96946,111.04455495918509
86254,100.08310533356513
92436,106.18234325354362
93657,107.61565227446395
91892,105.73251553923924
84362,98.19996859834042
90079,103.96183573259063
86941,100.5329330478695
89885,103.73692187543844
92186,105.95742939639143
98964,113.04014862298588
89172,102.75344056882248
85822,99.74573454783685
87101,100.64538997644559
90301,104.07429266116672
90556,104.2992065183189
86681,100.4204761192934
88077,101.96624206878982
90886,104.52412037547109
99890,113.71489019444243
88180,101.96624206878982
95244,109.27387515253646
96636,110.28598750972131
88745,102.4160697830942
94092,107.95302306019224
89730,103.62446494686235
97627,111.49438267348945
85537,98.98716709837308
90450,104.18674958974282
84810,98.5373393840687
91280,105.28268782493487
87406,100.87030383359777
85324,98.87471016979697
82534,96.31683186311571
93442,107.39073841731177
86326,100.08310533356513
98462,112.169124244946
96016,109.83615979541693
89199,102.75344056882248
93705,107.61565227446395
85567,99.63327761926075
88047,101.96624206878982
91182,105.28268782493487
82136,95.97946107738744
83226,96.76665957742009
90992,104.6365773040472
92405,106.18234325354362
87002,100.64538997644559
90962,104.52412037547109
99446,113.37751940871416
89586,103.51200801828625
87804,101.74132821163764
83742,97.75014088403604
96435,110.1735305811452
82815,96.5417457202679
89012,102.64098364024639
81956,95.86700414881133
100431,114.05226098017073
95194,109.27387515253646
85711,99.63327761926075
88420,102.19115592594201
89942,103.84937880401453
85295,98.87471016979697
93921,107.72810920304005
94851,108.40285077449661
95089,109.16141822396037
91342,105.39514475351096
83691,97.10403036314835
84931,98.5373393840687
87444,101.51641435448545
91380,105.39514475351096
84762,98.4248824554926
88265,102.07869899736593
84305,98.08751166976433
100327,114.05226098017073
87321,100.87030383359777
87682,101.62887128306156
86796,100.4204761192934
96860,110.93209803060898
84306,98.08751166976433
96589,110.28598750972131
84101,97.97505474118823
93071,107.16582456015958
97532,111.49438267348945
87465,101.51641435448545
99952,113.71489019444243
100186,113.93980405159462
98721,112.81523476583371
87356,100.87030383359777
97411,111.38192574491336
91331,105.39514475351096
95596,109.49878900968865
86384,100.19556226214121
99535,113.48997633729026
96395,110.06107365256912
93662,107.61565227446395
92106,105.95742939639143
92487,106.18234325354362
96240,109.94861672399303
88547,102.30361285451811
98206,111.94421038779382
97075,111.15701188776117
95970,109.83615979541693
82146,95.97946107738744
85131,98.76225324122089
87152,100.7578469050217
99534,113.48997633729026
89304,103.39955108971017
83995,97.86259781261214
83105,96.76665957742009
88716,102.4160697830942
99960,113.71489019444243
97396,111.38192574491336
82031,95.97946107738744
89471,103.51200801828625
93262,107.27828148873567
83541,96.99157343457227
91411,105.39514475351096
89664,103.62446494686235
93352,107.39073841731177
99392,113.37751940871416
96457,110.1735305811452
99601,113.48997633729026
100341,114.05226098017073
84390,98.19996859834042
85800,99.74573454783685
88421,102.19115592594201
95982,109.83615979541693
88590,102.30361285451811
98171,111.94421038779382
96791,110.93209803060898
88637,102.30361285451811
85609,99.63327761926075
99249,113.26506248013807
94037,107.84056613161613
100436,114.05226098017073
84460,98.19996859834042
91566,105.50760168208706
90745,104.411663446895
95166,109.16141822396037
95994,109.83615979541693
92894,106.51971403927189
82421,96.20437493453963
82221,96.09191800596352
95525,109.49878900968865
96086,109.83615979541693
93782,107.72810920304005
89736,103.62446494686235
85151,98.76225324122089
93116,107.16582456015958
89731,103.62446494686235
99031,113.04014862298588
82601,96.31683186311571
95881,109.72370286684084
94440,108.17793691734443
87505,101.51641435448545
100012,113.82734712301854
95410,109.38633208111256
82972,96.65420264884399
97447,111.38192574491336
99702,113.60243326586635
85257,98.87471016979697
89787,103.73692187543844
82505,96.31683186311571
94356,108.06547998876832
90527,104.2992065183189
98541,112.169124244946
87772,101.74132821163764
97890,111.71929653064164
92270,106.06988632496751
97544,111.49438267348945
93229,107.27828148873567
94276,108.06547998876832
82376,96.20437493453963
93179,107.27828148873567
96452,110.1735305811452
92714,106.40725711069581
96495,110.1735305811452
93979,107.84056613161613
83522,96.99157343457227
89627,103.62446494686235
93581,107.50319534588786
83652,97.10403036314835
96446,110.1735305811452
87660,101.62887128306156
85390,98.87471016979697
91642,105.62005861066315
91629,105.62005861066315
83590,97.10403036314835
85142,98.76225324122089
89615,103.62446494686235
91641,105.62005861066315
89781,103.73692187543844
94132,107.95302306019224
91922,105.84497246781534
86442,100.19556226214121
83475,96.99157343457227
83426,96.99157343457227
84052,97.97505474118823
90760,104.411663446895
84214,98.08751166976433
89597,103.62446494686235
95255,109.27387515253646
88335,102.07869899736593
87631,101.62887128306156
90247,104.07429266116672
87892,101.85378514021374
86514,100.30801919071732
91696,105.62005861066315
87256,100.7578469050217
83460,96.99157343457227
90872,104.52412037547109
86837,100.5329330478695
84059,97.97505474118823
97410,111.38192574491336
82301,96.09191800596352
95022,109.16141822396037
99721,113.60243326586635
94432,108.17793691734443
91231,105.28268782493487
92376,106.06988632496751
95215,109.27387515253646
87786,101.74132821163764
90171,103.96183573259063
82611,96.31683186311571
81876,95.86700414881133
95550,109.49878900968865
97115,111.15701188776117
87910,101.85378514021374
93317,107.39073841731177
82817,96.5417457202679
91147,105.28268782493487
87754,101.74132821163764
87611,101.62887128306156
97796,111.60683960206555
89974,103.84937880401453
92249,106.06988632496751
99271,113.26506248013807
99495,113.37751940871416
83136,96.76665957742009
88995,102.64098364024639
96417,110.1735305811452
94127,107.95302306019224
92310,106.06988632496751
90877,104.52412037547109
82766,96.4292887916918
86312,100.08310533356513
95310,109.27387515253646
87561,101.51641435448545
87147,100.7578469050217
92471,106.18234325354362
100276,113.93980405159462
95316,109.27387515253646
97956,111.71929653064164
90717,104.411663446895
88792,102.4160697830942
82497,96.31683186311571
97542,111.49438267348945
85476,98.98716709837308
87560,101.51641435448545
81882,95.86700414881133
91247,105.28268782493487
91022,104.6365773040472
85144,98.76225324122089
94046,107.84056613161613
84512,98.31242552691651
90671,104.2992065183189
89241,102.75344056882248
95726,109.61124593826474
95839,109.72370286684084
96291,110.06107365256912
82981,96.65420264884399
94437,108.17793691734443
90356,104.07429266116672
84901,98.5373393840687
99827,113.71489019444243
98009,111.83175345921774
100082,113.82734712301854
81925,95.86700414881133
98809,112.92769169440979
93301,107.27828148873567
96091,109.83615979541693
90605,104.2992065183189
85757,99.74573454783685
93656,107.61565227446395
99426,113.37751940871416
88541,102.30361285451811
83832,97.75014088403604
85630,99.63327761926075
89322,103.39955108971017
98960,113.04014862298588
99557,113.48997633729026
84965,98.64979631264478
90259,104.07429266116672
93820,107.72810920304005
85120,98.76225324122089
91830,105.73251553923924
96727,110.93209803060898
96124,109.94861672399303
86997,100.64538997644559
99006,113.04014862298588
87491,101.51641435448545
92429,106.18234325354362
93766,107.61565227446395
92221,105.95742939639143
82622,96.4292887916918
87416,100.87030383359777
86730,100.4204761192934
98886,112.92769169440979
94750,108.40285077449661
97365,111.38192574491336
90091,103.96183573259063
86371,100.19556226214121
99689,113.60243326586635
89459,103.51200801828625
89265,102.75344056882248
83320,96.87911650599618
96300,110.06107365256912
82220,96.09191800596352
96705,110.28598750972131
87527,101.51641435448545
95517,109.49878900968865
95536,109.49878900968865
91070,104.6365773040472
94325,108.06547998876832
86631,100.30801919071732
85786,99.74573454783685
100356,114.05226098017073
92031,105.84497246781534
92512,106.18234325354362
88240,102.07869899736593
97721,111.60683960206555
89026,102.64098364024639
94134,107.95302306019224
91906,105.73251553923924
97674,111.60683960206555
96262,110.06107365256912
97686,111.60683960206555
87250,100.7578469050217
90875,104.52412037547109
84615,98.31242552691651
87494,101.51641435448545
99487,113.37751940871416
99584,113.48997633729026
98826,112.92769169440979
94624,108.2903938459205
82266,96.09191800596352
95100,109.16141822396037
85831,99.74573454783685
86847,100.5329330478695
99806,113.60243326586635
100246,113.93980405159462
82290,96.09191800596352
95897,109.72370286684084
90900,104.52412037547109
92520,106.18234325354362
88085,101.96624206878982
87620,101.62887128306156
90699,104.411663446895
82086,95.97946107738744
88336,102.07869899736593
87932,101.85378514021374
92417,106.18234325354362
99225,113.26506248013807
93381,107.39073841731177
85866,99.74573454783685
90837,104.52412037547109
85430,98.98716709837308
94592,108.2903938459205
85977,99.85819147641294
97782,111.60683960206555
84239,98.08751166976433
85771,99.74573454783685
90456,104.18674958974282
84461,98.19996859834042
100330,114.05226098017073
91101,104.6365773040472
90062,103.96183573259063
87582,101.62887128306156
92422,106.18234325354362
93916,107.72810920304005
92571,106.2948001821197
83725,97.75014088403604
98881,112.92769169440979
92095,105.95742939639143
87715,101.62887128306156
95922,109.72370286684084
93514,107.50319534588786
89266,102.75344056882248
86176,99.97064840498903
94110,107.95302306019224
96621,110.28598750972131
99471,113.37751940871416
99196,113.15260555156198
97847,111.71929653064164
98416,112.05666731636992
94907,109.04896129538429
99041,113.04014862298588
93817,107.72810920304005
91340,105.39514475351096
82551,96.31683186311571
96362,110.06107365256912
90682,104.411663446895
100370,114.05226098017073
96125,109.94861672399303
88286,102.07869899736593
86132,99.97064840498903
87821,101.74132821163764
86856,100.5329330478695
98341,112.05666731636992
88961,102.5285267116703
93975,107.84056613161613
98421,112.05666731636992
96614,110.28598750972131
85740,99.74573454783685
83326,96.87911650599618
84017,97.97505474118823
83284,96.87911650599618
87467,101.51641435448545
97377,111.38192574491336
82932,96.65420264884399
83271,96.87911650599618
90720,104.411663446895
87801,101.74132821163764
89420,103.39955108971017
91807,105.73251553923924
96706,110.28598750972131
94159,107.95302306019224
84391,98.19996859834042
84471,98.19996859834042
98604,112.81523476583371
100115,113.82734712301854
95131,109.16141822396037
85856,99.74573454783685
95277,109.27387515253646
84272,98.08751166976433
81887,95.86700414881133
96311,110.06107365256912
84369,98.19996859834042
95527,109.49878900968865
95992,109.83615979541693
89971,103.84937880401453
90915,104.52412037547109
85056,98.64979631264478
83900,97.86259781261214
98696,112.81523476583371
85396,98.87471016979697
85246,98.76225324122089
91535,105.50760168208706
100167,113.93980405159462
98650,112.81523476583371
82812,96.5417457202679
91256,105.28268782493487
88645,102.30361285451811
97695,111.60683960206555
99362,113.37751940871416
85202,98.76225324122089
95349,109.38633208111256
92261,106.06988632496751
97996,111.83175345921774
93605,107.50319534588786
85429,98.98716709837308
85166,98.76225324122089
99650,113.48997633729026
96765,110.93209803060898
83530,96.99157343457227
94314,108.06547998876832
84876,98.5373393840687
94931,109.04896129538429
94902,109.04896129538429
82970,96.65420264884399
84715,98.4248824554926
83724,97.75014088403604
86951,100.5329330478695
90946,104.52412037547109
84117,97.97505474118823
84001,97.86259781261214
89722,103.62446494686235
97376,111.38192574491336
92681,106.2948001821197
92202,105.95742939639143
84679,98.4248824554926
86265,100.08310533356513
88900,102.5285267116703
96656,110.28598750972131
88552,102.30361285451811
87411,100.87030383359777
86581,100.30801919071732
98317,112.05666731636992
93665,107.61565227446395
94265,108.06547998876832
94909,109.04896129538429
98326,112.05666731636992
81931,95.86700414881133
94141,107.95302306019224
96561,110.1735305811452
98122,111.94421038779382
99506,113.37751940871416
94310,108.06547998876832
94192,107.95302306019224
89551,103.51200801828625
98051,111.83175345921774
96966,111.04455495918509
93761,107.61565227446395
100107,113.82734712301854
86515,100.30801919071732
90266,104.07429266116672
85806,99.74573454783685
97486,111.38192574491336
90281,104.07429266116672
91225,105.28268782493487
88111,101.96624206878982
93192,107.27828148873567
90826,104.411663446895
87959,101.85378514021374
86426,100.19556226214121
95522,109.49878900968865
86791,100.4204761192934
86099,99.97064840498903
96991,111.04455495918509
95261,109.27387515253646
91021,104.6365773040472
91989,105.84497246781534
97757,111.60683960206555
96769,110.93209803060898
96396,110.06107365256912
83745,97.75014088403604
82329,96.20437493453963
96610,110.28598750972131
87004,100.64538997644559
85357,98.87471016979697
94620,108.2903938459205
94465,108.17793691734443
92852,106.51971403927189
91834,105.73251553923924
96107,109.94861672399303
85241,98.76225324122089
98045,111.83175345921774
96871,110.93209803060898
98189,111.94421038779382
86946,100.5329330478695
90407,104.18674958974282
84095,97.97505474118823
92841,106.40725711069581
82777,96.5417457202679
98152,111.94421038779382
86940,100.5329330478695
89017,102.64098364024639
96501,110.1735305811452
95571,109.49878900968865
90436,104.18674958974282
94109,107.95302306019224
90196,103.96183573259063
94885,109.04896129538429
88656,102.30361285451811
89336,103.39955108971017
83116,96.76665957742009
85545,98.98716709837308
88811,102.4160697830942
93966,107.84056613161613
91521,105.50760168208706
84870,98.5373393840687
85320,98.87471016979697
84236,98.08751166976433
85551,98.98716709837308
84356,98.19996859834042
85010,98.64979631264478
93501,107.50319534588786
86225,100.08310533356513
85584,99.63327761926075
95827,109.72370286684084
90567,104.2992065183189
99891,113.71489019444243
92267,106.06988632496751
87666,101.62887128306156
99270,113.26506248013807
93926,107.72810920304005
88386,102.19115592594201
90569,104.2992065183189
94742,108.40285077449661
88374,102.19115592594201
90481,104.18674958974282
86907,100.5329330478695
96251,109.94861672399303
94236,107.95302306019224
93986,107.84056613161613
93512,107.50319534588786
94372,108.06547998876832
91055,104.6365773040472
87800,101.74132821163764
99999,113.82734712301854
83432,96.99157343457227
98139,111.94421038779382
85722,99.74573454783685
97812,111.71929653064164
95642,109.61124593826474
95071,109.16141822396037
97331,111.26946881633727
87624,101.62887128306156
89947,103.84937880401453
98007,111.83175345921774
91210,105.28268782493487
96639,110.28598750972131
89891,103.73692187543844
82224,96.09191800596352
88466,102.19115592594201
91816,105.73251553923924
87217,100.7578469050217
98671,112.81523476583371
86380,100.19556226214121
93132,107.16582456015958
86537,100.30801919071732
94691,108.2903938459205
91971,105.84497246781534
93346,107.39073841731177
86049,99.97064840498903
92274,106.06988632496751
96716,110.28598750972131
99224,113.26506248013807
89886,103.73692187543844
91034,104.6365773040472
97104,111.15701188776117
99739,113.60243326586635
96982,111.04455495918509
99905,113.71489019444243
94000,107.84056613161613
97724,111.60683960206555
86359,100.19556226214121
90611,104.2992065183189
96241,109.94861672399303
95587,109.49878900968865
94502,108.17793691734443
96697,110.28598750972131
91676,105.62005861066315
88482,102.19115592594201
95861,109.72370286684084
94130,107.95302306019224
92806,106.40725711069581
91630,105.62005861066315
100309,114.05226098017073
83581,97.10403036314835
99971,113.71489019444243
89174,102.75344056882248
84856,98.5373393840687
82042,95.97946107738744
91867,105.73251553923924
95505,109.49878900968865
82102,95.97946107738744
89697,103.62446494686235
88110,101.96624206878982
89937,103.84937880401453
93091,107.16582456015958
88705,102.4160697830942
94741,108.40285077449661
87766,101.74132821163764
88947,102.5285267116703
82916,96.5417457202679
82342,96.20437493453963
96480,110.1735305811452
85700,99.63327761926075
97842,111.71929653064164
95362,109.38633208111256
96340,110.06107365256912
86481,100.19556226214121
96551,110.1735305811452
86891,100.5329330478695
88406,102.19115592594201
85321,98.87471016979697
84345,98.19996859834042
87612,101.62887128306156
93085,107.16582456015958
88064,101.96624206878982
82671,96.4292887916918
83736,97.75014088403604
91767,105.73251553923924
89635,103.62446494686235
90590,104.2992065183189
96085,109.83615979541693
96246,109.94861672399303
84436,98.19996859834042
99966,113.71489019444243
90981,104.52412037547109
96922,111.04455495918509
93502,107.50319534588786
87476,101.51641435448545
93366,107.39073841731177
89681,103.62446494686235
